realm,realm_code,realm_name,realm_hex_code,realm_rgb_code
No data,NODATA,No data,#FFFFFF,"255,255,255"
T Terrestrial,T,Terrestrial,#3F8E33,"63,142,51"
S Subterranean,S,Subterranean,#CE8E34,"206,142,52"
SF Subterranean-Freshwater,SF,Subterranean-Freshwater,#D55B41,"213,91,65"
SM Subterranean-Marine,SM,Subterranean-Marine,#ABAA37,"171,170,55"
TF Terrestrial-Freshwater,TF,Terrestrial-Freshwater,#2F675C,"47,103,92"
F Freshwater,F,Freshwater,#4EACB0,"78,172,176"
FM Freshwater-Marine,FM,Freshwater-Marine,#853E90,"133,62,144"
M Marine,M,Marine,#2860C4,"40,96,196"
MT Marine-Terrestrial,MT,Marine-Terrestrial,#484992,"72,73,146"
MFT Marine-Freshwater-Terrestrial,MFT,Marine-Freshwater-Terrestrial,#BF3250,"191,50,80"
Not referable,NOTREF,Not referable,#FFFFFF,"255,255,255"