efg,efg_code,efg_name,efg_hex_code,efg_rgb_code
No data,NODATA,No data,#FFFFFF,"255,255,255"
T1.1 Tropical/Subtropical lowland rainforests,T1.1,Tropical/Subtropical lowland rainforests,#32A06B,"50,160,107"
T1.2 Tropical/Subtropical dry forests and thickets,T1.2,Tropical/Subtropical dry forests and thickets,#52BC85,"82,188,133"
T1.3 Tropical/Subtropical montane rainforests,T1.3,Tropical/Subtropical montane rainforests,#6FD9A1,"111,217,161"
T1.4 Tropical heath forests,T1.4,Tropical heath forests,#8DF7BD,"141,247,189"
T2.1 Boreal and temperate high montane forests and woodlands,T2.1,Boreal and temperate high montane forests and woodlands,#006051,"0,96,81"
T2.2 Deciduous temperate forests,T2.2,Deciduous temperate forests,#329483,"50,148,131"
T2.3 Oceanic cool temperate rainforests,T2.3,Oceanic cool temperate rainforests,#54B2A0,"84,178,160"
T2.4 Warm temperate laurophyll forests,T2.4,Warm temperate laurophyll forests,#73D1BE,"115,209,190"
T2.5 Temperate pyric humid forests,T2.5,Temperate pyric humid forests,#92F0DD,"146,240,221"
T2.6 Temperate pyric sclerophyll forests and woodlands,T2.6,Temperate pyric sclerophyll forests and woodlands,#BBF0E5,"187,240,229"
T3.1 Seasonally dry tropical shrublands,T3.1,Seasonally dry tropical shrublands,#34878E,"52,135,142"
T3.2 Seasonally dry temperate heath and shrublands,T3.2,Seasonally dry temperate heath and shrublands,#57A7AE,"87,167,174"
T3.3 Cool temperate heathlands,T3.3,Cool temperate heathlands,#78C8CF,"120,200,207"
"T3.4 Young rocky pavements, lava flows and screes",T3.4,"Young rocky pavements, lava flows and screes",#9AEAF1,"154,234,241"
T4.1 Trophic savannas,T4.1,Trophic savannas,#FFD21C,"255,210,28"
T4.2 Pyric tussock savannas,T4.2,Pyric tussock savannas,#FFA134,"255,161,52"
T4.3 Hummock savannas,T4.3,Hummock savannas,#FF9110,"255,145,16"
T4.4 Temperate woodlands,T4.4,Temperate woodlands,#FF6B00,"255,107,0"
T4.5 Temperate subhumid grasslands,T4.5,Temperate subhumid grasslands,#D36E00,"211,110,0"
T5.1 Semi-desert steppe,T5.1,Semi-desert steppe,#FFD279,"255,210,121"
T5.2 Succulent or Thorny deserts and semi-deserts,T5.2,Succulent or Thorny deserts and semi-deserts,#EEC471,"238,196,113"
T5.3 Sclerophyll hot deserts and semi-deserts,T5.3,Sclerophyll hot deserts and semi-deserts,#B38E3E,"179,142,62"
T5.4 Cool deserts and semi-deserts,T5.4,Cool deserts and semi-deserts,#886716,"136,103,22"
T5.5 Hyper-arid deserts,T5.5,Hyper-arid deserts,#5E4300,"94,67,0"
"T6.1 Ice sheets, glaciers and perennial snowfields",T6.1,"Ice sheets, glaciers and perennial snowfields",#DBDBDB,"219,219,219"
"T6.2 Polar/alpine cliffs, screes, outcrops and lava flows",T6.2,"Polar/alpine cliffs, screes, outcrops and lava flows",#C7C7C7,"199,199,199"
T6.3 Polar tundra and deserts,T6.3,Polar tundra and deserts,#B8B8B8,"184,184,184"
T6.4 Temperate alpine grasslands and shrublands,T6.4,Temperate alpine grasslands and shrublands,#A8A8A8,"168,168,168"
T6.5 Tropical alpine grasslands and herbfields,T6.5,Tropical alpine grasslands and herbfields,#949494,"148,148,148"
T7.1 Annual croplands,T7.1,Annual croplands,#FF14A1,"255,20,161"
T7.2 Sown pastures and fields,T7.2,Sown pastures and fields,#CA0079,"202,0,121"
T7.3 Plantations,T7.3,Plantations,#AA005F,"170,0,95"
T7.4 Urban and industrial ecosystems,T7.4,Urban and industrial ecosystems,#8B0047,"139,0,71"
T7.5 Derived semi-natural pastures and old fields,T7.5,Derived semi-natural pastures and old fields,#6C0030,"108,0,48"
S1.1 Aerobic caves,S1.1,Aerobic caves,#C0AC14,"192,172,20"
S1.2 Endolithic systems,S1.2,Endolithic systems,#F2D918,"242,217,24"
S2.1 Anthropogenic subterranean voids,S2.1,Anthropogenic subterranean voids,#9DBF3D,"157,191,61"
SF1.1 Underground streams and pools,SF1.1,Underground streams and pools,#D49686,"212,150,134"
SF1.2 Groundwater ecosystems,SF1.2,Groundwater ecosystems,#FFB5A1,"255,181,161"
SF2.1 Water pipes and subterranean canals,SF2.1,Water pipes and subterranean canals,#FB9DC4,"251,157,196"
SF2.2 Flooded mines and other voids,SF2.2,Flooded mines and other voids,#C67E8C,"198,126,140"
SM1.1 Anchialine caves,SM1.1,Anchialine caves,#569B49,"86,155,73"
SM1.2 Anchialine pools,SM1.2,Anchialine pools,#008767,"0,135,103"
SM1.3 Sea caves,SM1.3,Sea caves,#006E79,"0,110,121"
TF1.1 Tropical flooded forests and peat forests,TF1.1,Tropical flooded forests and peat forests,#73B898,"115,184,152"
TF1.2 Subtropical/temperate forested wetlands,TF1.2,Subtropical/temperate forested wetlands,#8EE3BB,"142,227,187"
TF1.3 Permanent marshes,TF1.3,Permanent marshes,#9FFFD3,"159,255,211"
TF1.4 Seasonal floodplain marshes,TF1.4,Seasonal floodplain marshes,#93D699,"147,214,153"
TF1.5 Episodic arid floodplains,TF1.5,Episodic arid floodplains,#AFD6B3,"175,214,179"
"TF1.6 Boreal, temperate and montane peat bogs",TF1.6,"Boreal, temperate and montane peat bogs",#C1F195,"193,241,149"
TF1.7 Boreal and temperate fens,TF1.7,Boreal and temperate fens,#DFF1CF,"223,241,207"
F1.1 Permanent upland streams,F1.1,Permanent upland streams,#C4FFBE,"196,255,190"
F1.2 Permanent lowland rivers,F1.2,Permanent lowland rivers,#ABF5A3,"171,245,163"
F1.3 Freeze-thaw rivers and streams,F1.3,Freeze-thaw rivers and streams,#7EE5AA,"126,229,170"
F1.4 Seasonal upland streams,F1.4,Seasonal upland streams,#51D4B1,"81,212,177"
F1.5 Seasonal lowland rivers,F1.5,Seasonal lowland rivers,#47BA9B,"71,186,155"
F1.6 Episodic arid rivers,F1.6,Episodic arid rivers,#3A9C82,"58,156,130"
F1.7 Large lowland rivers,F1.7,Large lowland rivers,#2D7763,"45,119,99"
F2.1 Large permanent freshwater lakes,F2.1,Large permanent freshwater lakes,#D6FBFF,"214,251,255"
F2.2 Small permanent freshwater lakes,F2.2,Small permanent freshwater lakes,#B8F8FF,"184,248,255"
F2.3 Seasonal freshwater lakes,F2.3,Seasonal freshwater lakes,#85F3FF,"133,243,255"
F2.4 Freeze-thaw freshwater lakes,F2.4,Freeze-thaw freshwater lakes,#42ECFF,"66,236,255"
F2.5 Ephemeral freshwater lakes,F2.5,Ephemeral freshwater lakes,#1CD8ED,"28,216,237"
F2.6 Permanent salt and soda lakes,F2.6,Permanent salt and soda lakes,#19BED1,"25,190,209"
F2.7 Ephemeral salt lakes,F2.7,Ephemeral salt lakes,#009DB1,"0,157,177"
F2.8 Artesian springs and oases,F2.8,Artesian springs and oases,#007A8A,"0,122,138"
F2.9 Geothermal pools and wetlands,F2.9,Geothermal pools and wetlands,#005C6B,"0,92,107"
F2.10 Subglacial lakes,F2.10,Subglacial lakes,#004252,"0,66,82"
F3.1 Large reservoirs,F3.1,Large reservoirs,#C4FFBE,"196,255,190"
F3.2 Constructed lacustrine wetlands,F3.2,Constructed lacustrine wetlands,#ABF5A3,"171,245,163"
F3.3 Rice paddies,F3.3,Rice paddies,#90DAA0,"144,218,160"
F3.4 Freshwater aquafarms,F3.4,Freshwater aquafarms,#51D4B1,"81,212,177"
"F3.5 Canals, ditches and drains",F3.5,"Canals, ditches and drains",#47BA9B,"71,186,155"
FM1.1 Deepwater coastal inlets,FM1.1,Deepwater coastal inlets,#D43A99,"212,58,153"
FM1.2 Permanently open riverine estuaries and bays,FM1.2,Permanently open riverine estuaries and bays,#F960BA,"249,96,186"
FM1.3 Intermittently closed and open lakes and lagoons,FM1.3,Intermittently closed and open lakes and lagoons,#FF83DC,"255,131,220"
M1.1 Seagrass meadows,M1.1,Seagrass meadows,#F1EBFF,"241,235,255"
M1.2 Kelp forests,M1.2,Kelp forests,#E9E0FF,"233,224,255"
M1.3 Photic coral reefs,M1.3,Photic coral reefs,#E0D3FF,"224,211,255"
M1.4 Shellfish beds and reefs,M1.4,Shellfish beds and reefs,#C0B5FF,"192,181,255"
M1.5 Photo-limited marine animal forests,M1.5,Photo-limited marine animal forests,#A197FE,"161,151,254"
M1.6 Subtidal rocky reefs,M1.6,Subtidal rocky reefs,#897CFE,"137,124,254"
M1.7 Subtidal sand beds,M1.7,Subtidal sand beds,#6F66EE,"111,102,238"
M1.8 Subtidal mud plains,M1.8,Subtidal mud plains,#5E56D1,"94,86,209"
M1.9 Upwelling zones,M1.9,Upwelling zones,#5653A6,"86,83,166"
M1.10 Rhodolith/Maërl beds,M1.10,Rhodolith/Maërl beds,#3C3973,"60,57,115"
M2.1 Epipelagic ocean waters,M2.1,Epipelagic ocean waters,#CEA8FE,"206,168,254"
M2.2 Mesopelagic ocean water,M2.2,Mesopelagic ocean water,#B781FA,"183,129,250"
M2.3 Bathypelagic ocean waters,M2.3,Bathypelagic ocean waters,#A474E0,"164,116,224"
M2.4 Abyssopelagic ocean waters,M2.4,Abyssopelagic ocean waters,#9569CC,"149,105,204"
M2.5 Sea ice,M2.5,Sea ice,#704F99,"112,79,153"
M3.1 Continental and island slopes,M3.1,Continental and island slopes,#1B7693,"27,118,147"
M3.2 Submarine canyons,M3.2,Submarine canyons,#2192B5,"33,146,181"
M3.3 Abyssal plains,M3.3,Abyssal plains,#27AED8,"39,174,216"
"M3.4 Seamounts, ridges and plateaus",M3.4,"Seamounts, ridges and plateaus",#52BEE0,"82,190,224"
M3.5 Deepwater biogenic beds,M3.5,Deepwater biogenic beds,#9CDAED,"156,218,237"
M3.6 Hadal trenches and troughs,M3.6,Hadal trenches and troughs,#A8EAFF,"168,234,255"
M3.7 Chemosynthetic-based-ecosystems (CBE),M3.7,Chemosynthetic-based-ecosystems (CBE),#DBF7FF,"219,247,255"
M4.1 Submerged artificial structures,M4.1,Submerged artificial structures,#994A8E,"153,74,142"
M4.2 Marine aquafarms,M4.2,Marine aquafarms,#7B2E72,"123,46,114"
MT1.1 Rocky shorelines,MT1.1,Rocky shorelines,#8782D2,"135,130,210"
MT1.2 Muddy shorelines,MT1.2,Muddy shorelines,#A49EF0,"164,158,240"
MT1.3 Sandy shorelines,MT1.3,Sandy shorelines,#C2BAFF,"194,186,255"
MT1.4 Boulder and cobble shores,MT1.4,Boulder and cobble shores,#E0D7FF,"224,215,255"
MT2.1 Coastal shrublands and grasslands,MT2.1,Coastal shrublands and grasslands,#726BDA,"114,107,218"
MT2.2 Large seabird and pinniped colonies,MT2.2,Large seabird and pinniped colonies,#5651A6,"86,81,166"
MT3.1 Artificial shorelines,MT3.1,Artificial shorelines,#CEC9FF,"206,201,255"
MFT1.1 Coastal river deltas,MFT1.1,Coastal river deltas,#AC676D,"172,103,109"
MFT1.2 Intertidal forests and shrublands,MFT1.2,Intertidal forests and shrublands,#89474E,"137,71,78"
MFT1.3 Coastal saltmarshes and reedbeds,MFT1.3,Coastal saltmarshes and reedbeds,#672931,"103,41,49"
Not referable,NOTREF,Not referable,#FFFFFF,"255,255,255"